{"train_loss": [0.954251297989052, 0.5476251329615833, 0.3796425434748167, 0.27914179130618155], "valid_loss": [1.0328422729903055, 0.6829726473138508, 0.5368187495987103, 0.45520158252048654], "valid_acc": [0.9910559512884383, 0.9938819210767819, 0.9949744351702137, 0.9958630132995382], "train_acc": [0.9916893315736129, 0.9952585986889597, 0.9965747431513092, 0.9974716172170655], "test_loss": 0.5030419326690961, "test_acc": 0.9955884279952827}