{"train_loss": [17.44516527996179, 9.811545752108115, 6.777773699314564, 5.122458769924936, 4.061834443581337, 3.3314470320178056, 2.78840948763014, 2.368561547767295, 2.032985228234776, 1.7545443781624892, 1.5253493960399402, 1.3323004707830473, 1.167291254713233, 1.0214837630312257, 0.8940873523031522, 0.7838435150631942, 0.6853291906241407, 0.5969702063319553, 0.515603825795676, 0.4427150461299556, 0.3761929188970997, 0.31854076745488813, 0.26604304411964047, 0.22017420007791566, 0.17994789352859178, 0.14602239380173548, 0.11859398246703308, 0.0952484233544292, 0.07537649467258839, 0.059744157491338636, 0.047007731398924286, 0.03667380533355228, 0.028510346437906422, 0.022002135398092086, 0.01699734424237928, 0.013167511113345728, 0.00995076270421195, 0.007679570105323791, 0.005905119739368495, 0.004424714414549614, 0.0033886554733553588, 0.002573008939066069, 0.00201598396604348, 0.001546047690161533, 0.001246674953012436, 0.0010031828227503926, 0.0008362723125325622, 0.0007208234293562761, 0.0006089718468188012, 0.0005346818499691617, 0.0004781585621293405, 0.00042028259046116966, 0.0003911453332456478, 0.00035492929374953265, 0.0003206893068349837, 0.0002987433897643151, 0.00027414650467814743, 0.00026007344889476884, 0.00023120504925848128, 0.00022406446596021199, 0.00020837180121701513, 0.00019364874825843222, 0.0001851813082121773, 0.00017248931729257745, 0.0001625614310235107, 0.00015129714025602785, 0.00014548664640463076, 0.00013764204833589932, 0.0001295104386987392, 0.0001246530351593059, 0.00011978326893105905, 0.00011435176077192551, 0.00010724451888579779, 0.00010546082843090306, 9.802682028900282e-05, 9.511922179452527e-05, 9.246028473398268e-05, 8.715555744670947e-05, 8.289985575009154e-05, 7.981751809222499e-05, 7.684188913797587e-05, 7.334189757922654e-05, 7.452245856059969e-05, 6.753322465151705e-05, 6.732834372586854e-05, 6.38711596285782e-05, 6.0129110187879654e-05, 5.820982255729028e-05, 5.628962648137649e-05, 5.4703075266731596e-05, 5.381769055601287e-05, 5.26545780401461e-05, 4.94772553014452e-05, 4.853355857322965e-05, 4.732358785870316e-05, 4.5195250645616556e-05, 4.544439409280995e-05, 4.2198727406524905e-05, 4.084280281520593e-05, 3.9645221371909076e-05], "valid_loss": [17.76443732743768, 10.18293243090413, 7.3145552533967475, 5.765016585762018, 4.785514442189047, 4.141664117168248, 3.6690009772582415, 3.320964775561956, 3.0509558740915823, 2.838359800171187, 2.6768738132614516, 2.5511194561771458, 2.448171980273478, 2.3640182968336285, 2.297660532976461, 2.2481468959781985, 2.200882376421902, 2.1658296890997555, 2.1328536704527123, 2.1101071660890325, 2.0834683081377348, 2.0690878213252923, 2.0577112714493846, 2.0484850673898403, 2.0427559203680343, 2.0448662366040633, 2.0519776987478138, 2.0579927913656317, 2.068667934124657, 2.0798380033675903, 2.091189967219272, 2.1013974704750313, 2.114250723351545, 2.127861748458582, 2.139657648292449, 2.1568885298725475, 2.1725721837047036, 2.183023589183572, 2.199456171461643, 2.214954698243197, 2.225056230540504, 2.241700948284117, 2.2568602791990595, 2.265415602555034, 2.277682545932051, 2.289294745217566, 2.2977762301292732, 2.3106803276903842, 2.3233439039860473, 2.3284087057554754, 2.342435055847329, 2.351149981825826, 2.361845422214111, 2.373773246138482, 2.3772818698629132, 2.387735005259066, 2.395639397007339, 2.4000451614763385, 2.4118661025259813, 2.4190567714550726, 2.426035145082461, 2.4327545006842013, 2.4395412332913797, 2.4468967319711097, 2.4550323354267625, 2.463754366990685, 2.465569735620905, 2.4764815549210932, 2.4842491506373583, 2.4865428103649654, 2.4932986896321774, 2.4991537477724237, 2.5013406758687777, 2.5070081577925953, 2.5174941105737103, 2.5182685906094067, 2.5300019917162606, 2.5311999522693016, 2.536762420123896, 2.5412877210784672, 2.5450578850778736, 2.5543705724327497, 2.552218521593478, 2.5596887044710677, 2.56057241938671, 2.5660864693218155, 2.5717913098717595, 2.5796598290385173, 2.583456862962704, 2.583627899316805, 2.5864218540648922, 2.5916359309947965, 2.5976386145946506, 2.6037215882381424, 2.6060319851604348, 2.609895318582707, 2.608923802918103, 2.616216160868616, 2.6190872683859387, 2.6266444298745286], "valid_acc": [0.8232894871010503, 0.8996052382409067, 0.9292487873093563, 0.945082958236828, 0.9558332969161969, 0.962592317440895, 0.9676324491252604, 0.9716092004253521, 0.9746099724686449, 0.9768387012192458, 0.9787760928782648, 0.980422147445702, 0.9817477312123993, 0.982650876196303, 0.9834811869073111, 0.9841803959271075, 0.9848941718014829, 0.9853311774388557, 0.9858992847674402, 0.9864965258051829, 0.9870500662791883, 0.987487071916561, 0.9880697460997246, 0.9884776180279392, 0.9888854899561538, 0.9892787950297892, 0.9894535972847383, 0.9896575332488455, 0.9898614692129528, 0.9901091057407974, 0.990211073722851, 0.9902547742865883, 0.9903130417049046, 0.9904004428323792, 0.9904587102506955, 0.9904732771052747, 0.9905024108144328, 0.9905898119419074, 0.9905898119419074, 0.9905898119419074, 0.9906043787964864, 0.9906043787964864, 0.9906043787964864, 0.9906043787964864, 0.9906043787964864, 0.9906043787964864, 0.9906043787964864, 0.9906043787964864, 0.9906043787964864, 0.9906043787964864, 0.9906043787964864, 0.9906043787964864, 0.9906043787964864, 0.9906043787964864, 0.9906043787964864, 0.9906043787964864, 0.9906043787964864, 0.9906043787964864, 0.9906043787964864, 0.9906043787964864, 0.9906043787964864, 0.9906043787964864, 0.9906043787964864, 0.9906043787964864, 0.9906043787964864, 0.9906043787964864, 0.9906043787964864, 0.9906043787964864, 0.9906043787964864, 0.9906043787964864, 0.9906043787964864, 0.9906043787964864, 0.9906043787964864, 0.9906043787964864, 0.9906043787964864, 0.9906043787964864, 0.9906043787964864, 0.9906043787964864, 0.9906043787964864, 0.9906043787964864, 0.9906043787964864, 0.9906043787964864, 0.9906043787964864, 0.9906043787964864, 0.9906043787964864, 0.9906043787964864, 0.9906043787964864, 0.9906043787964864, 0.9906043787964864, 0.9906043787964864, 0.9906043787964864, 0.9906043787964864, 0.9906043787964864, 0.9906043787964864, 0.9906043787964864, 0.9906043787964864, 0.9906043787964864, 0.9906043787964864, 0.9906043787964864, 0.9906043787964864], "train_acc": [0.8249819531437989, 0.9005545306723639, 0.9320745499223438, 0.9485974493776569, 0.9597609794156464, 0.9664820661645144, 0.9720456020358312, 0.9760450770363781, 0.979298979896896, 0.9818237168502949, 0.9841224123724871, 0.9857903793850215, 0.9874036589545219, 0.9887471471383884, 0.9898408959990667, 0.9907888116783211, 0.9916419357896502, 0.9924567786908556, 0.9932461007853117, 0.9939916729253407, 0.9948593803548121, 0.9955921920914665, 0.9964015662483685, 0.9970468780761687, 0.997646617034774, 0.9981187519596334, 0.9985161473790132, 0.9988606782701268, 0.9991359384000642, 0.9993492194278965, 0.9995132817569982, 0.9996354170464405, 0.9997156252962236, 0.9997848960574, 0.9998541668185762, 0.9998960938582355, 0.9999161459206813, 0.9999434896421983, 0.9999598958751085, 0.9999799479375542, 0.9999927083409288, 0.9999963541704644, 0.9999981770852322, 0.9999981770852322, 1.0, 1.0, 1.0, 1.0, 1.0, 1.0, 1.0, 1.0, 1.0, 1.0, 1.0, 1.0, 1.0, 1.0, 1.0, 1.0, 1.0, 1.0, 1.0, 1.0, 1.0, 1.0, 1.0, 1.0, 1.0, 1.0, 1.0, 1.0, 1.0, 1.0, 1.0, 1.0, 1.0, 1.0, 1.0, 1.0, 1.0, 1.0, 1.0, 1.0, 1.0, 1.0, 1.0, 1.0, 1.0, 1.0, 1.0, 1.0, 1.0, 1.0, 1.0, 1.0, 1.0, 1.0, 1.0, 1.0], "test_loss": 2.4902456043309007, "test_acc": 0.9911768559905654}