{"train_loss": [27.32008680186421, 18.92610709194397, 14.500340757965978, 11.74789353089925, 9.877292234048314, 8.539323275222314, 7.53338628851033, 6.75119837778867, 6.129910448316529, 5.625796505798058], "valid_loss": [27.66088040228626, 19.18858514861862, 14.709465281816534, 11.918250217193743, 10.030594963047262, 8.697929780067616, 7.7119493451412096, 6.95860188069906, 6.36541446410475, 5.887916722460121], "valid_acc": [0.9751882040727903, 0.982120613084922, 0.9864457525454939, 0.9890411747183708, 0.9908385913128249, 0.9920944134532063, 0.9930269714038128, 0.993687039644714, 0.9942616375108319, 0.9947135303834489], "train_acc": [0.9754757384394629, 0.9823693136438705, 0.9866434931367771, 0.9891488825265324, 0.9908815036482023, 0.9921148447652697, 0.9930699385423435, 0.9937351516812866, 0.9943496013374485, 0.9948221247563352], "test_loss": 5.674513518222239, "test_acc": 0.994931860647747}