{"train_loss": [11.42534153707641, 6.422686118383156, 4.437716067314282, 3.3390432831157826, 2.632664396636424], "valid_loss": [11.602420847808032, 6.635721592617876, 4.751706415407652, 3.722388331891835, 3.0715567800824704], "valid_acc": [0.8938003275556162, 0.9400590282516719, 0.9574177698921796, 0.9669970656476048, 0.9734714071243347], "train_acc": [0.8943006026475284, 0.9404241711450303, 0.958746115413011, 0.9687065398416977, 0.975535686691963], "test_loss": 3.014714945104922, "test_acc": 0.9739133392286239}