{"train_loss": [17.55881335602852, 9.878235402970528, 6.838277021698254, 5.155555865224344, 4.068241592589742, 3.309448454210944, 2.763439926936462, 2.3351887237485713, 1.9993321594883076, 1.7281733200908171, 1.5029191224279121, 1.3071631198794236, 1.1392113409067854, 0.9918269215814942, 0.8690856725464124, 0.7590031918610519, 0.6599391399833318, 0.5744516190770449, 0.49638996746640773, 0.4236400644186854, 0.35816516967266565, 0.30050199029319874, 0.2487761934991934, 0.20390642067369721, 0.16603955666160683], "valid_loss": [17.863536264078572, 10.215713853935702, 7.340716957676621, 5.774606141118383, 4.777726420096355, 4.098370120129254, 3.623915998865499, 3.260898917884005, 2.992659582034266, 2.79795441432791, 2.63580376245427, 2.504656755787503, 2.3975692347881523, 2.3100688710715436, 2.245325504128422, 2.1920242880914356, 2.139522771770904, 2.108761392266895, 2.0782016107154333, 2.0481477604588645, 2.0218706552004355, 2.004675322028806, 1.9926011615590808, 1.9830481162578362, 1.9844758998855005], "valid_acc": [0.5224814814814814, 0.5718518518518518, 0.5900462962962963, 0.600462962962963, 0.6071851851851852, 0.6116759259259259, 0.6148796296296296, 0.6175648148148148, 0.6196574074074074, 0.6210092592592592, 0.6221018518518519, 0.6230833333333333, 0.6239629629629629, 0.6246851851851852, 0.6252314814814814, 0.6255648148148149, 0.626, 0.6263888888888889, 0.626712962962963, 0.6271851851851852, 0.6276203703703703, 0.6279351851851852, 0.6282407407407408, 0.6284907407407407, 0.6286666666666667], "train_acc": [0.5264237496736658, 0.5759974172975796, 0.5951823742214597, 0.6061390463581099, 0.613113275276918, 0.618178448886734, 0.6214814175959422, 0.6241492000149181, 0.6262435665535374, 0.6277307183082833, 0.6290209040390855, 0.6303227445642039, 0.6314182952299258, 0.6322830809681871, 0.6329555626002312, 0.6335254820422929, 0.6341082217581024, 0.6345872338044978, 0.6351210233841793, 0.6356734606347667, 0.636180444187521, 0.6367037444523179, 0.6371827564987134, 0.63759067429978, 0.6379473110058553], "test_loss": 1.9073934925641758, "test_acc": 0.6272791023842917}